x,y,r,theta
419,239,100,0
418,239,100,0
418,239,100,0
418,239,100,0
418,239,100,0
418,239,100,0
418,240,100,0
418,240,100,0
418,240,100,0
418,240,100,0
418,240,100,1
418,240,100,1
418,241,100,1
418,241,100,1
418,241,100,1
418,241,100,1
418,241,100,1
418,241,100,1
418,242,100,1
418,242,100,1
418,242,100,2
418,242,100,2
418,242,100,2
418,243,100,2
418,243,100,2
418,243,100,2
418,243,100,2
418,243,100,2
418,243,100,2
418,244,100,2
418,244,100,2
418,244,100,3
418,244,100,3
418,244,100,3
418,244,100,3
418,245,100,3
418,245,100,3
418,245,100,3
418,245,100,3
418,245,100,3
418,245,100,3
418,246,100,4
418,246,100,4
418,246,100,4
418,246,100,4
418,246,100,4
418,247,100,4
418,247,100,4
418,247,100,4
418,247,100,4
418,247,100,4
418,247,100,5
418,248,100,5
418,248,100,5
418,248,100,5
418,248,100,5
418,248,100,5
418,248,100,5
418,249,100,5
418,249,100,5
418,249,100,5
418,249,100,6
418,249,100,6
418,249,100,6
418,250,100,6
418,250,100,6
418,250,100,6
418,250,100,6
418,250,100,6
418,251,100,6
418,251,100,6
418,251,100,7
418,251,100,7
418,251,100,7
418,251,100,7
418,252,100,7
418,252,100,7
418,252,100,7
418,252,100,7
418,252,100,7
418,252,100,7
418,253,100,8
417,253,100,8
417,253,100,8
417,253,100,8
417,253,100,8
417,253,100,8
417,254,100,8
417,254,100,8
417,254,100,8
417,254,100,8
417,254,100,9
417,254,100,9
417,255,100,9
417,255,100,9
417,255,100,9
417,255,100,9
417,255,100,9
417,256,100,9
417,256,100,9
417,256,100,10
417,256,100,10
417,256,100,10
417,256,100,10
417,257,100,10
417,257,100,10
417,257,100,10
417,257,100,10
417,257,100,10
417,257,100,10
417,258,100,11
417,258,100,11
417,258,100,11
417,258,100,11
417,258,100,11
416,258,100,11
416,259,100,11
416,259,100,11
416,259,100,11
416,259,100,11
416,259,100,12
416,259,100,12
416,260,100,12
416,260,100,12
416,260,100,12
416,260,100,12
416,260,100,12
416,260,100,12
416,261,100,12
416,261,100,12
416,261,100,13
416,261,100,13
416,261,100,13
416,262,100,13
416,262,100,13
416,262,100,13
416,262,100,13
416,262,100,13
416,262,100,13
416,263,100,13
416,263,100,14
415,263,100,14
415,263,100,14
415,263,100,14
415,263,100,14
415,264,100,14
415,264,100,14
415,264,100,14
415,264,100,14
415,264,100,14
415,264,100,15
415,265,100,15
415,265,100,15
415,265,100,15
415,265,100,15
415,265,100,15
415,265,100,15
415,266,100,15
415,266,100,15
415,266,100,15
415,266,100,16
415,266,100,16
415,266,100,16
414,267,100,16
414,267,100,16
414,267,100,16
414,267,100,16
414,267,100,16
414,267,100,16
414,268,100,16
414,268,100,17
414,268,100,17
414,268,100,17
414,268,100,17
414,268,100,17
414,269,100,17
414,269,100,17
414,269,100,17
414,269,100,17
414,269,100,17
414,269,100,18
414,270,100,18
413,270,100,18
413,270,100,18
413,270,100,18
413,270,100,18
413,270,100,18
413,271,100,18
413,271,100,18
413,271,100,18
413,271,100,19
413,271,100,19
413,271,100,19
413,272,100,19
413,272,100,19
413,272,100,19
413,272,100,19
413,272,100,19
413,272,100,19
413,273,100,19
412,273,100,20
412,273,100,20
412,273,100,20
412,273,100,20
412,273,100,20
412,274,100,20
412,274,100,20
412,274,100,20
412,274,100,20
412,274,100,20
412,274,100,21
412,274,100,21
412,275,100,21
412,275,100,21
412,275,100,21
412,275,100,21
411,275,100,21
411,275,100,21
411,276,100,21
411,276,100,21
411,276,100,22
411,276,100,22
411,276,100,22
411,276,100,22
411,277,100,22
411,277,100,22
411,277,100,22
411,277,100,22
411,277,100,22
411,277,100,22
411,278,100,23
410,278,100,23
410,278,100,23
410,278,100,23
410,278,100,23
410,278,100,23
410,279,100,23
410,279,100,23
410,279,100,23
410,279,100,23
410,279,100,24
410,279,100,24
410,279,100,24
410,280,100,24
410,280,100,24
409,280,100,24
409,280,100,24
409,280,100,24
409,280,100,24
409,281,100,24
409,281,100,25
409,281,100,25
409,281,100,25
409,281,100,25
409,281,100,25
409,282,100,25
409,282,100,25
409,282,100,25
409,282,100,25
408,282,100,25
408,282,100,26
408,282,100,26
408,283,100,26
408,283,100,26
408,283,100,26
408,283,100,26
408,283,100,26
408,283,100,26
408,284,100,26
408,284,100,26
408,284,100,27
408,284,100,27
407,284,100,27
407,284,100,27
407,285,100,27
407,285,100,27
407,285,100,27
407,285,100,27
407,285,100,27
407,285,100,27
407,285,100,28
407,286,100,28
407,286,100,28
407,286,100,28
406,286,100,28
406,286,100,28
406,286,100,28
406,287,100,28
406,287,100,28
406,287,100,28
406,287,100,29
406,287,100,29
406,287,100,29
406,287,100,29
406,288,100,29
406,288,100,29
405,288,100,29
405,288,100,29
405,288,100,29
405,288,100,29
405,289,100,30
405,289,100,30
405,289,100,30
405,289,100,30
405,289,100,30
405,289,100,30
405,289,100,30
404,290,100,30
404,290,100,30
404,290,100,30
404,290,100,31
404,290,100,31
404,290,100,31
404,290,100,31
404,291,100,31
404,291,100,31
404,291,100,31
404,291,100,31
403,291,100,31
403,291,100,31
403,291,100,32
403,292,100,32
403,292,100,32
403,292,100,32
403,292,100,32
403,292,100,32
403,292,100,32
403,293,100,32
403,293,100,32
402,293,100,32
402,293,100,33
402,293,100,33
402,293,100,33
402,293,100,33
402,294,100,33
402,294,100,33
402,294,100,33
402,294,100,33
402,294,100,33
402,294,100,33
401,294,100,34
401,295,100,34
401,295,100,34
401,295,100,34
401,295,100,34
401,295,100,34
401,295,100,34
401,295,100,34
401,296,100,34
401,296,100,34
400,296,100,35
400,296,100,35
400,296,100,35
400,296,100,35
400,296,100,35
400,297,100,35
400,297,100,35
400,297,100,35
400,297,100,35
400,297,100,35
399,297,100,36
399,297,100,36
399,298,100,36
399,298,100,36
399,298,100,36
399,298,100,36
399,298,100,36
399,298,100,36
399,298,100,36
398,299,100,36
398,299,100,37
398,299,100,37
398,299,100,37
398,299,100,37
398,299,100,37
398,299,100,37
398,300,100,37
398,300,100,37
398,300,100,37
397,300,100,37
397,300,100,37
397,300,100,38
397,300,100,38
397,300,100,38
397,301,100,38
397,301,100,38
397,301,100,38
397,301,100,38
396,301,100,38
396,301,100,38
396,301,100,38
396,302,100,39
396,302,100,39
396,302,100,39
396,302,100,39
396,302,100,39
396,302,100,39
395,302,100,39
395,303,100,39
395,303,100,39
395,303,100,39
395,303,100,40
395,303,100,40
395,303,100,40
395,303,100,40
395,303,100,40
394,304,100,40
394,304,100,40
394,304,100,40
394,304,100,40
394,304,100,40
394,304,100,41
394,304,100,41
394,305,100,41
394,305,100,41
393,305,100,41
393,305,100,41
393,305,100,41
393,305,100,41
393,305,100,41
393,305,100,41
393,306,100,42
393,306,100,42
392,306,100,42
392,306,100,42
392,306,100,42
392,306,100,42
392,306,100,42
392,306,100,42
392,307,100,42
392,307,100,42
392,307,100,43
391,307,100,43
391,307,100,43
391,307,100,43
391,307,100,43
391,307,100,43
391,308,100,43
391,308,100,43
391,308,100,43
390,308,100,43
390,308,100,44
390,308,100,44
390,308,100,44
390,308,100,44
390,309,100,44
390,309,100,44
390,309,100,44
389,309,100,44
389,309,100,44
389,309,100,44
389,309,100,45
389,309,100,45
389,310,100,45
389,310,100,45
389,310,100,45
388,310,100,45
388,310,100,45
388,310,100,45
388,310,100,45
388,310,100,45
388,311,100,46
388,311,100,46
388,311,100,46
387,311,100,46
387,311,100,46
387,311,100,46
387,311,100,46
387,311,100,46
387,312,100,46
387,312,100,46
387,312,100,47
386,312,100,47
386,312,100,47
386,312,100,47
386,312,100,47
386,312,100,47
386,312,100,47
386,313,100,47
386,313,100,47
385,313,100,47
385,313,100,48
385,313,100,48
385,313,100,48
385,313,100,48
385,313,100,48
385,314,100,48
385,314,100,48
384,314,100,48
384,314,100,48
384,314,100,48
384,314,100,49
384,314,100,49
384,314,100,49
384,314,100,49
383,315,100,49
383,315,100,49
383,315,100,49
383,315,100,49
383,315,100,49
383,315,100,49
383,315,100,50
383,315,100,50
382,315,100,50
382,316,100,50
382,316,100,50
382,316,100,50
382,316,100,50
382,316,100,50
382,316,100,50
381,316,100,50
381,316,100,51
381,316,100,51
381,317,100,51
381,317,100,51
381,317,100,51
381,317,100,51
380,317,100,51
380,317,100,51
380,317,100,51
380,317,100,51
380,317,100,52
380,318,100,52
380,318,100,52
380,318,100,52
379,318,100,52
379,318,100,52
379,318,100,52
379,318,100,52
379,318,100,52
379,318,100,52
379,318,100,53
378,319,100,53
378,319,100,53
378,319,100,53
378,319,100,53
378,319,100,53
378,319,100,53
378,319,100,53
377,319,100,53
377,319,100,53
377,320,100,54
377,320,100,54
377,320,100,54
377,320,100,54
377,320,100,54
376,320,100,54
376,320,100,54
376,320,100,54
376,320,100,54
376,320,100,54
376,321,100,55
376,321,100,55
375,321,100,55
375,321,100,55
375,321,100,55
375,321,100,55
375,321,100,55
375,321,100,55
375,321,100,55
374,321,100,55
374,322,100,56
374,322,100,56
374,322,100,56
374,322,100,56
374,322,100,56
374,322,100,56
373,322,100,56
373,322,100,56
373,322,100,56
373,322,100,56
373,322,100,57
373,323,100,57
373,323,100,57
372,323,100,57
372,323,100,57
372,323,100,57
372,323,100,57
372,323,100,57
372,323,100,57
371,323,100,57
371,323,100,58
371,323,100,58
371,324,100,58
371,324,100,58
371,324,100,58
371,324,100,58
370,324,100,58
370,324,100,58
370,324,100,58
370,324,100,58
370,324,100,59
370,324,100,59
370,324,100,59
369,325,100,59
369,325,100,59
369,325,100,59
369,325,100,59
369,325,100,59
369,325,100,59
369,325,100,59
368,325,100,60
368,325,100,60
368,325,100,60
368,325,100,60
368,326,100,60
368,326,100,60
367,326,100,60
367,326,100,60
367,326,100,60
367,326,100,60
367,326,100,61
367,326,100,61
367,326,100,61
366,326,100,61
366,326,100,61
366,326,100,61
366,327,100,61
366,327,100,61
366,327,100,61
365,327,100,61
365,327,100,62
365,327,100,62
365,327,100,62
365,327,100,62
365,327,100,62
365,327,100,62
364,327,100,62
364,327,100,62
364,328,100,62
364,328,100,62
364,328,100,63
364,328,100,63
363,328,100,63
363,328,100,63
363,328,100,63
363,328,100,63
363,328,100,63
363,328,100,63
362,328,100,63
362,328,100,63
362,328,100,64
362,329,100,64
362,329,100,64
362,329,100,64
362,329,100,64
361,329,100,64
361,329,100,64
361,329,100,64
361,329,100,64
361,329,100,64
361,329,100,65
360,329,100,65
360,329,100,65
360,329,100,65
360,329,100,65
360,330,100,65
360,330,100,65
359,330,100,65
359,330,100,65
359,330,100,65
359,330,100,66
359,330,100,66
359,330,100,66
359,330,100,66
358,330,100,66
358,330,100,66
358,330,100,66
358,330,100,66
358,330,100,66
358,331,100,66
357,331,100,67
357,331,100,67
357,331,100,67
357,331,100,67
357,331,100,67
357,331,100,67
356,331,100,67
356,331,100,67
356,331,100,67
356,331,100,67
356,331,100,68
356,331,100,68
355,331,100,68
355,331,100,68
355,332,100,68
355,332,100,68
355,332,100,68
355,332,100,68
355,332,100,68
354,332,100,68
354,332,100,69
354,332,100,69
354,332,100,69
354,332,100,69
354,332,100,69
353,332,100,69
353,332,100,69
353,332,100,69
353,332,100,69
353,332,100,69
353,333,100,70
352,333,100,70
352,333,100,70
352,333,100,70
352,333,100,70
352,333,100,70
352,333,100,70
351,333,100,70
351,333,100,70
351,333,100,70
351,333,100,71
351,333,100,71
351,333,100,71
350,333,100,71
350,333,100,71
350,333,100,71
350,333,100,71
350,333,100,71
350,334,100,71
349,334,100,71
349,334,100,72
349,334,100,72
349,334,100,72
349,334,100,72
349,334,100,72
348,334,100,72
348,334,100,72
348,334,100,72
348,334,100,72
348,334,100,72
348,334,100,73
347,334,100,73
347,334,100,73
347,334,100,73
347,334,100,73
347,334,100,73
347,334,100,73
346,335,100,73
346,335,100,73
346,335,100,73
346,335,100,74
346,335,100,74
346,335,100,74
345,335,100,74
345,335,100,74
345,335,100,74
345,335,100,74
345,335,100,74
345,335,100,74
344,335,100,74
344,335,100,75
344,335,100,75
344,335,100,75
344,335,100,75
344,335,100,75
343,335,100,75
343,335,100,75
343,335,100,75
343,335,100,75
343,336,100,75
343,336,100,76
342,336,100,76
342,336,100,76
342,336,100,76
342,336,100,76
342,336,100,76
342,336,100,76
341,336,100,76
341,336,100,76
341,336,100,76
341,336,100,77
341,336,100,77
340,336,100,77
340,336,100,77
340,336,100,77
340,336,100,77
340,336,100,77
340,336,100,77
339,336,100,77
339,336,100,77
339,336,100,78
339,336,100,78
339,336,100,78
339,336,100,78
338,336,100,78
338,337,100,78
338,337,100,78
338,337,100,78
338,337,100,78
338,337,100,78
337,337,100,79
337,337,100,79
337,337,100,79
337,337,100,79
337,337,100,79
337,337,100,79
336,337,100,79
336,337,100,79
336,337,100,79
336,337,100,79
336,337,100,80
336,337,100,80
335,337,100,80
335,337,100,80
335,337,100,80
335,337,100,80
335,337,100,80
334,337,100,80
334,337,100,80
334,337,100,80
334,337,100,81
334,337,100,81
334,337,100,81
333,337,100,81
333,337,100,81
333,337,100,81
333,337,100,81
333,337,100,81
333,338,100,81
332,338,100,81
332,338,100,82
332,338,100,82
332,338,100,82
332,338,100,82
332,338,100,82
331,338,100,82
331,338,100,82
331,338,100,82
331,338,100,82
331,338,100,82
331,338,100,83
330,338,100,83
330,338,100,83
330,338,100,83
330,338,100,83
330,338,100,83
329,338,100,83
329,338,100,83
329,338,100,83
329,338,100,83
329,338,100,84
329,338,100,84
328,338,100,84
328,338,100,84
328,338,100,84
328,338,100,84
328,338,100,84
328,338,100,84
327,338,100,84
327,338,100,84
327,338,100,85
327,338,100,85
327,338,100,85
327,338,100,85
326,338,100,85
326,338,100,85
326,338,100,85
326,338,100,85
326,338,100,85
325,338,100,85
325,338,100,86
325,338,100,86
325,338,100,86
325,338,100,86
325,338,100,86
324,338,100,86
324,338,100,86
324,338,100,86
324,338,100,86
324,338,100,86
324,338,100,87
323,338,100,87
323,338,100,87
323,338,100,87
323,338,100,87
323,338,100,87
323,338,100,87
322,338,100,87
322,338,100,87
322,338,100,87
322,338,100,88
322,338,100,88
321,338,100,88
321,338,100,88
321,338,100,88
321,338,100,88
321,338,100,88
321,338,100,88
320,338,100,88
320,338,100,88
320,338,100,89
320,338,100,89
320,338,100,89
320,338,100,89
319,338,100,89
319,338,100,89
319,338,100,89
319,338,100,89
319,338,100,89
319,339,100,89
318,338,100,90
318,338,100,90
318,338,100,90
318,338,100,90
318,338,100,90
317,338,100,90
317,338,100,90
317,338,100,90
317,338,100,90
317,338,100,90
317,338,100,91
316,338,100,91
316,338,100,91
316,338,100,91
316,338,100,91
316,338,100,91
316,338,100,91
315,338,100,91
315,338,100,91
315,338,100,91
315,338,100,92
315,338,100,92
314,338,100,92
314,338,100,92
314,338,100,92
314,338,100,92
314,338,100,92
314,338,100,92
313,338,100,92
313,338,100,92
313,338,100,93
313,338,100,93
313,338,100,93
313,338,100,93
312,338,100,93
312,338,100,93
312,338,100,93
312,338,100,93
312,338,100,93
312,338,100,93
311,338,100,94
311,338,100,94
311,338,100,94
311,338,100,94
311,338,100,94
310,338,100,94
310,338,100,94
310,338,100,94
310,338,100,94
310,338,100,94
310,338,100,95
309,338,100,95
309,338,100,95
309,338,100,95
309,338,100,95
309,338,100,95
309,338,100,95
308,338,100,95
308,338,100,95
308,338,100,95
308,338,100,96
308,338,100,96
308,338,100,96
307,338,100,96
307,338,100,96
307,338,100,96
307,338,100,96
307,338,100,96
306,338,100,96
306,338,100,96
306,338,100,97
306,338,100,97
306,338,100,97
306,338,100,97
305,338,100,97
305,338,100,97
305,338,100,97
305,338,100,97
305,338,100,97
305,338,100,97
304,338,100,98
304,337,100,98
304,337,100,98
304,337,100,98
304,337,100,98
304,337,100,98
303,337,100,98
303,337,100,98
303,337,100,98
303,337,100,98
303,337,100,99
303,337,100,99
302,337,100,99
302,337,100,99
302,337,100,99
302,337,100,99
302,337,100,99
301,337,100,99
301,337,100,99
301,337,100,99
301,337,100,100
301,337,100,100
301,337,100,100
300,337,100,100
300,337,100,100
300,337,100,100
300,337,100,100
300,337,100,100
300,337,100,100
299,337,100,100
299,337,100,101
299,337,100,101
299,337,100,101
299,337,100,101
299,336,100,101
298,336,100,101
298,336,100,101
298,336,100,101
298,336,100,101
298,336,100,101
298,336,100,102
297,336,100,102
297,336,100,102
297,336,100,102
297,336,100,102
297,336,100,102
297,336,100,102
296,336,100,102
296,336,100,102
296,336,100,102
296,336,100,103
296,336,100,103
295,336,100,103
295,336,100,103
295,336,100,103
295,336,100,103
295,336,100,103
295,336,100,103
294,336,100,103
294,336,100,103
294,335,100,104
294,335,100,104
294,335,100,104
294,335,100,104
293,335,100,104
293,335,100,104
293,335,100,104
293,335,100,104
293,335,100,104
293,335,100,104
292,335,100,105
292,335,100,105
292,335,100,105
292,335,100,105
292,335,100,105
292,335,100,105
291,335,100,105
291,335,100,105
291,335,100,105
291,335,100,105
291,335,100,106
291,335,100,106
290,334,100,106
290,334,100,106
290,334,100,106
290,334,100,106
290,334,100,106
290,334,100,106
289,334,100,106
289,334,100,106
289,334,100,107
289,334,100,107
289,334,100,107
289,334,100,107
288,334,100,107
288,334,100,107
288,334,100,107
288,334,100,107
288,334,100,107
288,334,100,107
287,334,100,108
287,333,100,108
287,333,100,108
287,333,100,108
287,333,100,108
287,333,100,108
286,333,100,108
286,333,100,108
286,333,100,108
286,333,100,108
286,333,100,109
286,333,100,109
285,333,100,109
285,333,100,109
285,333,100,109
285,333,100,109
285,333,100,109
285,333,100,109
284,333,100,109
284,332,100,109
284,332,100,110
284,332,100,110
284,332,100,110
284,332,100,110
283,332,100,110
283,332,100,110
283,332,100,110
283,332,100,110
283,332,100,110
283,332,100,110
283,332,100,111
282,332,100,111
282,332,100,111
282,332,100,111
282,332,100,111
282,331,100,111
282,331,100,111
281,331,100,111
281,331,100,111
281,331,100,111
281,331,100,112
281,331,100,112
281,331,100,112
280,331,100,112
280,331,100,112
280,331,100,112
280,331,100,112
280,331,100,112
280,331,100,112
279,331,100,112
279,330,100,113
279,330,100,113
279,330,100,113
279,330,100,113
279,330,100,113
278,330,100,113
278,330,100,113
278,330,100,113
278,330,100,113
278,330,100,113
278,330,100,114
278,330,100,114
277,330,100,114
277,330,100,114
277,329,100,114
277,329,100,114
277,329,100,114
277,329,100,114
276,329,100,114
276,329,100,114
276,329,100,115
276,329,100,115
276,329,100,115
276,329,100,115
275,329,100,115
275,329,100,115
275,329,100,115
275,329,100,115
275,328,100,115
275,328,100,115
275,328,100,116
274,328,100,116
274,328,100,116
274,328,100,116
274,328,100,116
274,328,100,116
274,328,100,116
273,328,100,116
273,328,100,116
273,328,100,116
273,328,100,117
273,327,100,117
273,327,100,117
272,327,100,117
272,327,100,117
272,327,100,117
272,327,100,117
272,327,100,117
272,327,100,117
272,327,100,117
271,327,100,118
271,327,100,118
271,327,100,118
271,326,100,118
271,326,100,118
271,326,100,118
270,326,100,118
270,326,100,118
270,326,100,118
270,326,100,118
270,326,100,119
270,326,100,119
270,326,100,119
269,326,100,119
269,326,100,119
269,325,100,119
269,325,100,119
269,325,100,119
269,325,100,119
269,325,100,119
268,325,100,120
268,325,100,120
268,325,100,120
268,325,100,120
268,325,100,120
268,325,100,120
267,324,100,120
267,324,100,120
267,324,100,120
267,324,100,120
267,324,100,121
267,324,100,121
267,324,100,121
266,324,100,121
266,324,100,121
266,324,100,121
266,324,100,121
266,323,100,121
266,323,100,121
266,323,100,121
265,323,100,122
265,323,100,122
265,323,100,122
265,323,100,122
265,323,100,122
265,323,100,122
264,323,100,122
264,323,100,122
264,322,100,122
264,322,100,122
264,322,100,123
264,322,100,123
264,322,100,123
263,322,100,123
263,322,100,123
263,322,100,123
263,322,100,123
263,322,100,123
263,322,100,123
263,321,100,123
262,321,100,124
262,321,100,124
262,321,100,124
262,321,100,124
262,321,100,124
262,321,100,124
262,321,100,124
261,321,100,124
261,321,100,124
261,320,100,124
261,320,100,125
261,320,100,125
261,320,100,125
261,320,100,125
260,320,100,125
260,320,100,125
260,320,100,125
260,320,100,125
260,320,100,125
260,319,100,125
260,319,100,126
259,319,100,126
259,319,100,126
259,319,100,126
259,319,100,126
259,319,100,126
259,319,100,126
259,319,100,126
258,318,100,126
258,318,100,126
258,318,100,127
258,318,100,127
258,318,100,127
258,318,100,127
258,318,100,127
257,318,100,127
257,318,100,127
257,318,100,127
257,317,100,127
257,317,100,127
257,317,100,128
257,317,100,128
257,317,100,128
256,317,100,128
256,317,100,128
256,317,100,128
256,317,100,128
256,316,100,128
256,316,100,128
256,316,100,128
255,316,100,129
255,316,100,129
255,316,100,129
255,316,100,129
255,316,100,129
255,316,100,129
255,315,100,129
254,315,100,129
254,315,100,129
254,315,100,129
254,315,100,130
254,315,100,130
254,315,100,130
254,315,100,130
254,315,100,130
253,314,100,130
253,314,100,130
253,314,100,130
253,314,100,130
253,314,100,130
253,314,100,131
253,314,100,131
253,314,100,131
252,314,100,131
252,313,100,131
252,313,100,131
252,313,100,131
252,313,100,131
252,313,100,131
252,313,100,131
251,313,100,132
251,313,100,132
251,312,100,132
251,312,100,132
251,312,100,132
251,312,100,132
251,312,100,132
251,312,100,132
250,312,100,132
250,312,100,132
250,312,100,133
250,311,100,133
250,311,100,133
250,311,100,133
250,311,100,133
250,311,100,133
249,311,100,133
249,311,100,133
249,311,100,133
249,310,100,133
249,310,100,134
249,310,100,134
249,310,100,134
249,310,100,134
248,310,100,134
248,310,100,134
248,310,100,134
248,309,100,134
248,309,100,134
248,309,100,134
248,309,100,135
248,309,100,135
247,309,100,135
247,309,100,135
247,309,100,135
247,308,100,135
247,308,100,135
247,308,100,135
247,308,100,135
247,308,100,135
246,308,100,136
246,308,100,136
246,308,100,136
246,307,100,136
246,307,100,136
246,307,100,136
246,307,100,136
246,307,100,136
245,307,100,136
245,307,100,136
245,307,100,137
245,306,100,137
245,306,100,137
245,306,100,137
245,306,100,137
245,306,100,137
245,306,100,137
244,306,100,137
244,306,100,137
244,305,100,137
244,305,100,138
244,305,100,138
244,305,100,138
244,305,100,138
244,305,100,138
243,305,100,138
243,305,100,138
243,304,100,138
243,304,100,138
243,304,100,138
243,304,100,139
243,304,100,139
243,304,100,139
243,304,100,139
242,303,100,139
242,303,100,139
242,303,100,139
242,303,100,139
242,303,100,139
242,303,100,139
242,303,100,140
242,303,100,140
242,302,100,140
241,302,100,140
241,302,100,140
241,302,100,140
241,302,100,140
241,302,100,140
241,302,100,140
241,301,100,140
241,301,100,141
241,301,100,141
240,301,100,141
240,301,100,141
240,301,100,141
240,301,100,141
240,300,100,141
240,300,100,141
240,300,100,141
240,300,100,141
240,300,100,142
239,300,100,142
239,300,100,142
239,300,100,142
239,299,100,142
239,299,100,142
239,299,100,142
239,299,100,142
239,299,100,142
239,299,100,142
239,299,100,143
238,298,100,143
238,298,100,143
238,298,100,143
238,298,100,143
238,298,100,143
238,298,100,143
238,298,100,143
238,297,100,143
238,297,100,143
237,297,100,144
237,297,100,144
237,297,100,144
237,297,100,144
237,297,100,144
237,296,100,144
237,296,100,144
237,296,100,144
237,296,100,144
237,296,100,144
236,296,100,145
236,296,100,145
236,295,100,145
236,295,100,145
236,295,100,145
236,295,100,145
236,295,100,145
236,295,100,145
236,295,100,145
236,294,100,145
235,294,100,146
235,294,100,146
235,294,100,146
235,294,100,146
235,294,100,146
235,294,100,146
235,293,100,146
235,293,100,146
235,293,100,146
235,293,100,146
235,293,100,147
234,293,100,147
234,293,100,147
234,292,100,147
234,292,100,147
234,292,100,147
234,292,100,147
234,292,100,147
234,292,100,147
234,291,100,147
234,291,100,148
234,291,100,148
233,291,100,148
233,291,100,148
233,291,100,148
233,291,100,148
233,290,100,148
233,290,100,148
233,290,100,148
233,290,100,148
233,290,100,149
233,290,100,149
233,290,100,149
232,289,100,149
232,289,100,149
232,289,100,149
232,289,100,149
232,289,100,149
232,289,100,149
232,289,100,149
232,288,100,150
232,288,100,150
232,288,100,150
232,288,100,150
231,288,100,150
231,288,100,150
231,287,100,150
231,287,100,150
231,287,100,150
231,287,100,151
231,287,100,151
231,287,100,151
231,287,100,151
231,286,100,151
231,286,100,151
231,286,100,151
230,286,100,151
230,286,100,151
230,286,100,151
230,285,100,152
230,285,100,152
230,285,100,152
230,285,100,152
230,285,100,152
230,285,100,152
230,285,100,152
230,284,100,152
230,284,100,152
229,284,100,152
229,284,100,153
229,284,100,153
229,284,100,153
229,283,100,153
229,283,100,153
229,283,100,153
229,283,100,153
229,283,100,153
229,283,100,153
229,282,100,153
229,282,100,154
229,282,100,154
228,282,100,154
228,282,100,154
228,282,100,154
228,282,100,154
228,281,100,154
228,281,100,154
228,281,100,154
228,281,100,154
228,281,100,155
228,281,100,155
228,280,100,155
228,280,100,155
228,280,100,155
228,280,100,155
227,280,100,155
227,280,100,155
227,279,100,155
227,279,100,155
227,279,100,156
227,279,100,156
227,279,100,156
227,279,100,156
227,279,100,156
227,278,100,156
227,278,100,156
227,278,100,156
227,278,100,156
227,278,100,156
226,278,100,157
226,277,100,157
226,277,100,157
226,277,100,157
226,277,100,157
226,277,100,157
226,277,100,157
226,276,100,157
226,276,100,157
226,276,100,157
226,276,100,158
226,276,100,158
226,276,100,158
226,275,100,158
226,275,100,158
225,275,100,158
225,275,100,158
225,275,100,158
225,275,100,158
225,274,100,158
225,274,100,159
225,274,100,159
225,274,100,159
225,274,100,159
225,274,100,159
225,274,100,159
225,273,100,159
225,273,100,159
225,273,100,159
225,273,100,159
225,273,100,160
224,273,100,160
224,272,100,160
224,272,100,160
224,272,100,160
224,272,100,160
224,272,100,160
224,272,100,160
224,271,100,160
224,271,100,160
224,271,100,161
224,271,100,161
224,271,100,161
224,271,100,161
224,270,100,161
224,270,100,161
224,270,100,161
224,270,100,161
224,270,100,161
223,270,100,161
223,269,100,162
223,269,100,162
223,269,100,162
223,269,100,162
223,269,100,162
223,269,100,162
223,268,100,162
223,268,100,162
223,268,100,162
223,268,100,162
223,268,100,163
223,268,100,163
223,267,100,163
223,267,100,163
223,267,100,163
223,267,100,163
223,267,100,163
223,267,100,163
222,266,100,163
222,266,100,163
222,266,100,164
222,266,100,164
222,266,100,164
222,266,100,164
222,265,100,164
222,265,100,164
222,265,100,164
222,265,100,164
222,265,100,164
222,265,100,164
222,264,100,165
222,264,100,165
222,264,100,165
222,264,100,165
222,264,100,165
222,264,100,165
222,263,100,165
222,263,100,165
222,263,100,165
222,263,100,165
221,263,100,166
221,263,100,166
221,262,100,166
221,262,100,166
221,262,100,166
221,262,100,166
221,262,100,166
221,262,100,166
221,261,100,166
221,261,100,166
221,261,100,167
221,261,100,167
221,261,100,167
221,260,100,167
221,260,100,167
221,260,100,167
221,260,100,167
221,260,100,167
221,260,100,167
221,259,100,167
221,259,100,168
221,259,100,168
221,259,100,168
221,259,100,168
221,259,100,168
221,258,100,168
220,258,100,168
220,258,100,168
220,258,100,168
220,258,100,168
220,258,100,169
220,257,100,169
220,257,100,169
220,257,100,169
220,257,100,169
220,257,100,169
220,257,100,169
220,256,100,169
220,256,100,169
220,256,100,169
220,256,100,170
220,256,100,170
220,256,100,170
220,255,100,170
220,255,100,170
220,255,100,170
220,255,100,170
220,255,100,170
220,254,100,170
220,254,100,170
220,254,100,171
220,254,100,171
220,254,100,171
220,254,100,171
220,253,100,171
220,253,100,171
220,253,100,171
220,253,100,171
220,253,100,171
219,253,100,171
219,252,100,172
219,252,100,172
219,252,100,172
219,252,100,172
219,252,100,172
219,252,100,172
219,251,100,172
219,251,100,172
219,251,100,172
219,251,100,172
219,251,100,173
219,251,100,173
219,250,100,173
219,250,100,173
219,250,100,173
219,250,100,173
219,250,100,173
219,249,100,173
219,249,100,173
219,249,100,173
219,249,100,174
219,249,100,174
219,249,100,174
219,248,100,174
219,248,100,174
219,248,100,174
219,248,100,174
219,248,100,174
219,248,100,174
219,247,100,174
219,247,100,175
219,247,100,175
219,247,100,175
219,247,100,175
219,247,100,175
219,246,100,175
219,246,100,175
219,246,100,175
219,246,100,175
219,246,100,175
219,245,100,176
219,245,100,176
219,245,100,176
219,245,100,176
219,245,100,176
219,245,100,176
219,244,100,176
219,244,100,176
219,244,100,176
219,244,100,176
219,244,100,177
219,244,100,177
219,243,100,177
219,243,100,177
219,243,100,177
219,243,100,177
219,243,100,177
219,243,100,177
219,242,100,177
219,242,100,177
219,242,100,178
219,242,100,178
219,242,100,178
219,241,100,178
219,241,100,178
219,241,100,178
219,241,100,178
219,241,100,178
219,241,100,178
219,240,100,178
219,240,100,179
219,240,100,179
219,240,100,179
219,240,100,179
219,240,100,179
219,239,100,179
219,239,100,179
219,239,100,179
219,239,100,179
219,239,100,179
219,238,100,180
219,238,100,180
219,238,100,180
219,238,100,180
219,238,100,180
219,238,100,180
219,237,100,180
219,237,100,180
219,237,100,180
219,237,100,180
219,237,100,181
219,237,100,181
219,236,100,181
219,236,100,181
219,236,100,181
219,236,100,181
219,236,100,181
219,236,100,181
219,235,100,181
219,235,100,181
219,235,100,182
219,235,100,182
219,235,100,182
219,234,100,182
219,234,100,182
219,234,100,182
219,234,100,182
219,234,100,182
219,234,100,182
219,233,100,182
219,233,100,183
219,233,100,183
219,233,100,183
219,233,100,183
219,233,100,183
219,232,100,183
219,232,100,183
219,232,100,183
219,232,100,183
219,232,100,183
219,232,100,184
219,231,100,184
219,231,100,184
219,231,100,184
219,231,100,184
219,231,100,184
219,230,100,184
219,230,100,184
219,230,100,184
219,230,100,184
219,230,100,185
219,230,100,185
219,229,100,185
219,229,100,185
219,229,100,185
219,229,100,185
219,229,100,185
219,229,100,185
219,228,100,185
219,228,100,185
219,228,100,186
219,228,100,186
219,228,100,186
219,228,100,186
219,227,100,186
219,227,100,186
219,227,100,186
219,227,100,186
219,227,100,186
219,226,100,186
219,226,100,187
219,226,100,187
219,226,100,187
219,226,100,187
219,226,100,187
219,225,100,187
219,225,100,187
219,225,100,187
219,225,100,187
219,225,100,187
219,225,100,188
219,224,100,188
220,224,100,188
220,224,100,188
220,224,100,188
220,224,100,188
220,224,100,188
220,223,100,188
220,223,100,188
220,223,100,188
220,223,100,189
220,223,100,189
220,223,100,189
220,222,100,189
220,222,100,189
220,222,100,189
220,222,100,189
220,222,100,189
220,221,100,189
220,221,100,189
220,221,100,190
220,221,100,190
220,221,100,190
220,221,100,190
220,220,100,190
220,220,100,190
220,220,100,190
220,220,100,190
220,220,100,190
220,220,100,190
220,219,100,191
220,219,100,191
220,219,100,191
220,219,100,191
220,219,100,191
221,219,100,191
221,218,100,191
221,218,100,191
221,218,100,191
221,218,100,191
221,218,100,192
221,218,100,192
221,217,100,192
221,217,100,192
221,217,100,192
221,217,100,192
221,217,100,192
221,217,100,192
221,216,100,192
221,216,100,192
221,216,100,193
221,216,100,193
221,216,100,193
221,215,100,193
221,215,100,193
221,215,100,193
221,215,100,193
221,215,100,193
221,215,100,193
221,214,100,193
221,214,100,194
222,214,100,194
222,214,100,194
222,214,100,194
222,214,100,194
222,213,100,194
222,213,100,194
222,213,100,194
222,213,100,194
222,213,100,194
222,213,100,195
222,212,100,195
222,212,100,195
222,212,100,195
222,212,100,195
222,212,100,195
222,212,100,195
222,211,100,195
222,211,100,195
222,211,100,195
222,211,100,196
222,211,100,196
222,211,100,196
223,210,100,196
223,210,100,196
223,210,100,196
223,210,100,196
223,210,100,196
223,210,100,196
223,209,100,196
223,209,100,197
223,209,100,197
223,209,100,197
223,209,100,197
223,209,100,197
223,208,100,197
223,208,100,197
223,208,100,197
223,208,100,197
223,208,100,197
223,208,100,198
223,207,100,198
224,207,100,198
224,207,100,198
224,207,100,198
224,207,100,198
224,207,100,198
224,206,100,198
224,206,100,198
224,206,100,198
224,206,100,199
224,206,100,199
224,206,100,199
224,205,100,199
224,205,100,199
224,205,100,199
224,205,100,199
224,205,100,199
224,205,100,199
224,204,100,199
225,204,100,200
225,204,100,200
225,204,100,200
225,204,100,200
225,204,100,200
225,203,100,200
225,203,100,200
225,203,100,200
225,203,100,200
225,203,100,200
225,203,100,201
225,202,100,201
225,202,100,201
225,202,100,201
225,202,100,201
225,202,100,201
226,202,100,201
226,202,100,201
226,201,100,201
226,201,100,201
226,201,100,202
226,201,100,202
226,201,100,202
226,201,100,202
226,200,100,202
226,200,100,202
226,200,100,202
226,200,100,202
226,200,100,202
226,200,100,202
226,199,100,203
227,199,100,203
227,199,100,203
227,199,100,203
227,199,100,203
227,199,100,203
227,198,100,203
227,198,100,203
227,198,100,203
227,198,100,203
227,198,100,204
227,198,100,204
227,198,100,204
227,197,100,204
227,197,100,204
228,197,100,204
228,197,100,204
228,197,100,204
228,197,100,204
228,196,100,204
228,196,100,205
228,196,100,205
228,196,100,205
228,196,100,205
228,196,100,205
228,195,100,205
228,195,100,205
228,195,100,205
228,195,100,205
229,195,100,205
229,195,100,206
229,195,100,206
229,194,100,206
229,194,100,206
229,194,100,206
229,194,100,206
229,194,100,206
229,194,100,206
229,193,100,206
229,193,100,206
229,193,100,207
229,193,100,207
230,193,100,207
230,193,100,207
230,192,100,207
230,192,100,207
230,192,100,207
230,192,100,207
230,192,100,207
230,192,100,207
230,192,100,208
230,191,100,208
230,191,100,208
230,191,100,208
231,191,100,208
231,191,100,208
231,191,100,208
231,190,100,208
231,190,100,208
231,190,100,208
231,190,100,209
231,190,100,209
231,190,100,209
231,190,100,209
231,189,100,209
231,189,100,209
232,189,100,209
232,189,100,209
232,189,100,209
232,189,100,209
232,188,100,210
232,188,100,210
232,188,100,210
232,188,100,210
232,188,100,210
232,188,100,210
232,188,100,210
233,187,100,210
233,187,100,210
233,187,100,210
233,187,100,211
233,187,100,211
233,187,100,211
233,187,100,211
233,186,100,211
233,186,100,211
233,186,100,211
233,186,100,211
234,186,100,211
234,186,100,211
234,186,100,212
234,185,100,212
234,185,100,212
234,185,100,212
234,185,100,212
234,185,100,212
234,185,100,212
234,184,100,212
234,184,100,212
235,184,100,212
235,184,100,213
235,184,100,213
235,184,100,213
235,184,100,213
235,183,100,213
235,183,100,213
235,183,100,213
235,183,100,213
235,183,100,213
236,183,100,213
236,183,100,214
236,182,100,214
236,182,100,214
236,182,100,214
236,182,100,214
236,182,100,214
236,182,100,214
236,182,100,214
236,181,100,214
236,181,100,214
237,181,100,215
237,181,100,215
237,181,100,215
237,181,100,215
237,181,100,215
237,180,100,215
237,180,100,215
237,180,100,215
237,180,100,215
237,180,100,215
238,180,100,216
238,180,100,216
238,179,100,216
238,179,100,216
238,179,100,216
238,179,100,216
238,179,100,216
238,179,100,216
238,179,100,216
239,178,100,216
239,178,100,217
239,178,100,217
239,178,100,217
239,178,100,217
239,178,100,217
239,178,100,217
239,177,100,217
239,177,100,217
239,177,100,217
240,177,100,217
240,177,100,218
240,177,100,218
240,177,100,218
240,177,100,218
240,176,100,218
240,176,100,218
240,176,100,218
240,176,100,218
241,176,100,218
241,176,100,218
241,176,100,219
241,175,100,219
241,175,100,219
241,175,100,219
241,175,100,219
241,175,100,219
241,175,100,219
242,175,100,219
242,174,100,219
242,174,100,219
242,174,100,220
242,174,100,220
242,174,100,220
242,174,100,220
242,174,100,220
242,174,100,220
243,173,100,220
243,173,100,220
243,173,100,220
243,173,100,220
243,173,100,221
243,173,100,221
243,173,100,221
243,172,100,221
243,172,100,221
244,172,100,221
244,172,100,221
244,172,100,221
244,172,100,221
244,172,100,221
244,172,100,222
244,171,100,222
244,171,100,222
245,171,100,222
245,171,100,222
245,171,100,222
245,171,100,222
245,171,100,222
245,171,100,222
245,170,100,222
245,170,100,223
245,170,100,223
246,170,100,223
246,170,100,223
246,170,100,223
246,170,100,223
246,170,100,223
246,169,100,223
246,169,100,223
246,169,100,223
247,169,100,224
247,169,100,224
247,169,100,224
247,169,100,224
247,169,100,224
247,168,100,224
247,168,100,224
247,168,100,224
248,168,100,224
248,168,100,224
248,168,100,225
248,168,100,225
248,168,100,225
248,167,100,225
248,167,100,225
248,167,100,225
249,167,100,225
249,167,100,225
249,167,100,225
249,167,100,225
249,167,100,226
249,166,100,226
249,166,100,226
249,166,100,226
250,166,100,226
250,166,100,226
250,166,100,226
250,166,100,226
250,166,100,226
250,165,100,226
250,165,100,227
250,165,100,227
251,165,100,227
251,165,100,227
251,165,100,227
251,165,100,227
251,165,100,227
251,165,100,227
251,164,100,227
251,164,100,227
252,164,100,228
252,164,100,228
252,164,100,228
252,164,100,228
252,164,100,228
252,164,100,228
252,163,100,228
253,163,100,228
253,163,100,228
253,163,100,228
253,163,100,229
253,163,100,229
253,163,100,229
253,163,100,229
253,163,100,229
254,162,100,229
254,162,100,229
254,162,100,229
254,162,100,229
254,162,100,229
254,162,100,230
254,162,100,230
254,162,100,230
255,162,100,230
255,161,100,230
255,161,100,230
255,161,100,230
255,161,100,230
255,161,100,230
255,161,100,230
256,161,100,231
256,161,100,231
256,161,100,231
256,160,100,231
256,160,100,231
256,160,100,231
256,160,100,231
257,160,100,231
257,160,100,231
257,160,100,231
257,160,100,232
257,160,100,232
257,159,100,232
257,159,100,232
257,159,100,232
258,159,100,232
258,159,100,232
258,159,100,232
258,159,100,232
258,159,100,232
258,159,100,233
258,159,100,233
259,158,100,233
259,158,100,233
259,158,100,233
259,158,100,233
259,158,100,233
259,158,100,233
259,158,100,233
260,158,100,233
260,158,100,234
260,157,100,234
260,157,100,234
260,157,100,234
260,157,100,234
260,157,100,234
261,157,100,234
261,157,100,234
261,157,100,234
261,157,100,234
261,157,100,235
261,156,100,235
261,156,100,235
262,156,100,235
262,156,100,235
262,156,100,235
262,156,100,235
262,156,100,235
262,156,100,235
262,156,100,235
263,156,100,236
263,155,100,236
263,155,100,236
263,155,100,236
263,155,100,236
263,155,100,236
263,155,100,236
264,155,100,236
264,155,100,236
264,155,100,236
264,155,100,237
264,155,100,237
264,154,100,237
264,154,100,237
265,154,100,237
265,154,100,237
265,154,100,237
265,154,100,237
265,154,100,237
265,154,100,237
266,154,100,238
266,154,100,238
266,154,100,238
266,153,100,238
266,153,100,238
266,153,100,238
266,153,100,238
267,153,100,238
267,153,100,238
267,153,100,238
267,153,100,239
267,153,100,239
267,153,100,239
267,153,100,239
268,152,100,239
268,152,100,239
268,152,100,239
268,152,100,239
268,152,100,239
268,152,100,239
269,152,100,240
269,152,100,240
269,152,100,240
269,152,100,240
269,152,100,240
269,151,100,240
269,151,100,240
270,151,100,240
270,151,100,240
270,151,100,240
270,151,100,241
270,151,100,241
270,151,100,241
270,151,100,241
271,151,100,241
271,151,100,241
271,151,100,241
271,150,100,241
271,150,100,241
271,150,100,241
272,150,100,242
272,150,100,242
272,150,100,242
272,150,100,242
272,150,100,242
272,150,100,242
272,150,100,242
273,150,100,242
273,150,100,242
273,149,100,242
273,149,100,243
273,149,100,243
273,149,100,243
274,149,100,243
274,149,100,243
274,149,100,243
274,149,100,243
274,149,100,243
274,149,100,243
275,149,100,243
275,149,100,244
275,149,100,244
275,148,100,244
275,148,100,244
275,148,100,244
275,148,100,244
276,148,100,244
276,148,100,244
276,148,100,244
276,148,100,244
276,148,100,245
276,148,100,245
277,148,100,245
277,148,100,245
277,148,100,245
277,147,100,245
277,147,100,245
277,147,100,245
278,147,100,245
278,147,100,245
278,147,100,246
278,147,100,246
278,147,100,246
278,147,100,246
278,147,100,246
279,147,100,246
279,147,100,246
279,147,100,246
279,147,100,246
279,147,100,246
279,146,100,247
280,146,100,247
280,146,100,247
280,146,100,247
280,146,100,247
280,146,100,247
280,146,100,247
281,146,100,247
281,146,100,247
281,146,100,247
281,146,100,248
281,146,100,248
281,146,100,248
282,146,100,248
282,146,100,248
282,145,100,248
282,145,100,248
282,145,100,248
282,145,100,248
283,145,100,248
283,145,100,249
283,145,100,249
283,145,100,249
283,145,100,249
283,145,100,249
283,145,100,249
284,145,100,249
284,145,100,249
284,145,100,249
284,145,100,249
284,145,100,250
284,144,100,250
285,144,100,250
285,144,100,250
285,144,100,250
285,144,100,250
285,144,100,250
285,144,100,250
286,144,100,250
286,144,100,250
286,144,100,251
286,144,100,251
286,144,100,251
286,144,100,251
287,144,100,251
287,144,100,251
287,144,100,251
287,144,100,251
287,143,100,251
287,143,100,251
288,143,100,252
288,143,100,252
288,143,100,252
288,143,100,252
288,143,100,252
288,143,100,252
289,143,100,252
289,143,100,252
289,143,100,252
289,143,100,252
289,143,100,253
289,143,100,253
290,143,100,253
290,143,100,253
290,143,100,253
290,143,100,253
290,143,100,253
290,143,100,253
291,142,100,253
291,142,100,253
291,142,100,254
291,142,100,254
291,142,100,254
291,142,100,254
292,142,100,254
292,142,100,254
292,142,100,254
292,142,100,254
292,142,100,254
292,142,100,254
293,142,100,255
293,142,100,255
293,142,100,255
293,142,100,255
293,142,100,255
293,142,100,255
294,142,100,255
294,142,100,255
294,142,100,255
294,142,100,255
294,141,100,256
294,141,100,256
295,141,100,256
295,141,100,256
295,141,100,256
295,141,100,256
295,141,100,256
296,141,100,256
296,141,100,256
296,141,100,256
296,141,100,257
296,141,100,257
296,141,100,257
297,141,100,257
297,141,100,257
297,141,100,257
297,141,100,257
297,141,100,257
297,141,100,257
298,141,100,257
298,141,100,258
298,141,100,258
298,141,100,258
298,141,100,258
298,141,100,258
299,141,100,258
299,140,100,258
299,140,100,258
299,140,100,258
299,140,100,258
299,140,100,259
300,140,100,259
300,140,100,259
300,140,100,259
300,140,100,259
300,140,100,259
300,140,100,259
301,140,100,259
301,140,100,259
301,140,100,259
301,140,100,260
301,140,100,260
301,140,100,260
302,140,100,260
302,140,100,260
302,140,100,260
302,140,100,260
302,140,100,260
303,140,100,260
303,140,100,260
303,140,100,261
303,140,100,261
303,140,100,261
303,140,100,261
304,140,100,261
304,140,100,261
304,140,100,261
304,140,100,261
304,140,100,261
304,139,100,261
305,139,100,262
305,139,100,262
305,139,100,262
305,139,100,262
305,139,100,262
305,139,100,262
306,139,100,262
306,139,100,262
306,139,100,262
306,139,100,262
306,139,100,263
306,139,100,263
307,139,100,263
307,139,100,263
307,139,100,263
307,139,100,263
307,139,100,263
308,139,100,263
308,139,100,263
308,139,100,263
308,139,100,264
308,139,100,264
308,139,100,264
309,139,100,264
309,139,100,264
309,139,100,264
309,139,100,264
309,139,100,264
309,139,100,264
310,139,100,264
310,139,100,265
310,139,100,265
310,139,100,265
310,139,100,265
310,139,100,265
311,139,100,265
311,139,100,265
311,139,100,265
311,139,100,265
311,139,100,265
312,139,100,266
312,139,100,266
312,139,100,266
312,139,100,266
312,139,100,266
312,139,100,266
313,139,100,266
313,139,100,266
313,139,100,266
313,139,100,266
313,139,100,267
313,139,100,267
314,139,100,267
314,139,100,267
314,139,100,267
314,139,100,267
314,139,100,267
314,139,100,267
315,139,100,267
315,139,100,267
315,139,100,268
315,139,100,268
315,139,100,268
316,139,100,268
316,139,100,268
316,139,100,268
316,139,100,268
316,139,100,268
316,139,100,268
317,139,100,268
317,139,100,269
317,139,100,269
317,139,100,269
317,139,100,269
317,139,100,269
318,139,100,269
318,139,100,269
318,139,100,269
318,139,100,269
318,138,100,269
319,139,100,270
319,139,100,270
319,139,100,270
319,139,100,270
319,139,100,270
319,139,100,270
320,139,100,270
320,139,100,270
320,139,100,270
320,139,100,270
320,139,100,271
320,139,100,271
321,139,100,271
321,139,100,271
321,139,100,271
321,139,100,271
321,139,100,271
321,139,100,271
322,139,100,271
322,139,100,271
322,139,100,272
322,139,100,272
322,139,100,272
323,139,100,272
323,139,100,272
323,139,100,272
323,139,100,272
323,139,100,272
323,139,100,272
324,139,100,272
324,139,100,273
324,139,100,273
324,139,100,273
324,139,100,273
324,139,100,273
325,139,100,273
325,139,100,273
325,139,100,273
325,139,100,273
325,139,100,273
325,139,100,274
326,139,100,274
326,139,100,274
326,139,100,274
326,139,100,274
326,139,100,274
327,139,100,274
327,139,100,274
327,139,100,274
327,139,100,274
327,139,100,275
327,139,100,275
328,139,100,275
328,139,100,275
328,139,100,275
328,139,100,275
328,139,100,275
328,139,100,275
329,139,100,275
329,139,100,275
329,139,100,276
329,139,100,276
329,139,100,276
329,139,100,276
330,139,100,276
330,139,100,276
330,139,100,276
330,139,100,276
330,139,100,276
331,139,100,276
331,139,100,277
331,139,100,277
331,139,100,277
331,139,100,277
331,139,100,277
332,139,100,277
332,139,100,277
332,139,100,277
332,139,100,277
332,139,100,277
332,139,100,278
333,139,100,278
333,140,100,278
333,140,100,278
333,140,100,278
333,140,100,278
333,140,100,278
334,140,100,278
334,140,100,278
334,140,100,278
334,140,100,279
334,140,100,279
335,140,100,279
335,140,100,279
335,140,100,279
335,140,100,279
335,140,100,279
335,140,100,279
336,140,100,279
336,140,100,279
336,140,100,280
336,140,100,280
336,140,100,280
336,140,100,280
337,140,100,280
337,140,100,280
337,140,100,280
337,140,100,280
337,140,100,280
337,140,100,280
338,140,100,281
338,140,100,281
338,140,100,281
338,140,100,281
338,140,100,281
338,141,100,281
339,141,100,281
339,141,100,281
339,141,100,281
339,141,100,281
339,141,100,282
339,141,100,282
340,141,100,282
340,141,100,282
340,141,100,282
340,141,100,282
340,141,100,282
340,141,100,282
341,141,100,282
341,141,100,282
341,141,100,283
341,141,100,283
341,141,100,283
342,141,100,283
342,141,100,283
342,141,100,283
342,141,100,283
342,141,100,283
342,141,100,283
343,141,100,283
343,141,100,284
343,142,100,284
343,142,100,284
343,142,100,284
343,142,100,284
344,142,100,284
344,142,100,284
344,142,100,284
344,142,100,284
344,142,100,284
344,142,100,285
345,142,100,285
345,142,100,285
345,142,100,285
345,142,100,285
345,142,100,285
345,142,100,285
346,142,100,285
346,142,100,285
346,142,100,285
346,142,100,286
346,142,100,286
346,142,100,286
347,143,100,286
347,143,100,286
347,143,100,286
347,143,100,286
347,143,100,286
347,143,100,286
348,143,100,286
348,143,100,287
348,143,100,287
348,143,100,287
348,143,100,287
348,143,100,287
349,143,100,287
349,143,100,287
349,143,100,287
349,143,100,287
349,143,100,287
349,143,100,288
350,143,100,288
350,144,100,288
350,144,100,288
350,144,100,288
350,144,100,288
350,144,100,288
351,144,100,288
351,144,100,288
351,144,100,288
351,144,100,289
351,144,100,289
351,144,100,289
352,144,100,289
352,144,100,289
352,144,100,289
352,144,100,289
352,144,100,289
352,144,100,289
353,144,100,289
353,145,100,290
353,145,100,290
353,145,100,290
353,145,100,290
353,145,100,290
354,145,100,290
354,145,100,290
354,145,100,290
354,145,100,290
354,145,100,290
354,145,100,291
355,145,100,291
355,145,100,291
355,145,100,291
355,145,100,291
355,145,100,291
355,146,100,291
355,146,100,291
356,146,100,291
356,146,100,291
356,146,100,292
356,146,100,292
356,146,100,292
356,146,100,292
357,146,100,292
357,146,100,292
357,146,100,292
357,146,100,292
357,146,100,292
357,146,100,292
358,146,100,293
358,147,100,293
358,147,100,293
358,147,100,293
358,147,100,293
358,147,100,293
359,147,100,293
359,147,100,293
359,147,100,293
359,147,100,293
359,147,100,294
359,147,100,294
360,147,100,294
360,147,100,294
360,147,100,294
360,148,100,294
360,148,100,294
360,148,100,294
360,148,100,294
361,148,100,294
361,148,100,295
361,148,100,295
361,148,100,295
361,148,100,295
361,148,100,295
362,148,100,295
362,148,100,295
362,148,100,295
362,148,100,295
362,149,100,295
362,149,100,296
363,149,100,296
363,149,100,296
363,149,100,296
363,149,100,296
363,149,100,296
363,149,100,296
363,149,100,296
364,149,100,296
364,149,100,296
364,149,100,297
364,149,100,297
364,150,100,297
364,150,100,297
365,150,100,297
365,150,100,297
365,150,100,297
365,150,100,297
365,150,100,297
365,150,100,297
365,150,100,298
366,150,100,298
366,150,100,298
366,150,100,298
366,151,100,298
366,151,100,298
366,151,100,298
367,151,100,298
367,151,100,298
367,151,100,298
367,151,100,299
367,151,100,299
367,151,100,299
367,151,100,299
368,151,100,299
368,151,100,299
368,152,100,299
368,152,100,299
368,152,100,299
368,152,100,299
369,152,100,300
369,152,100,300
369,152,100,300
369,152,100,300
369,152,100,300
369,152,100,300
369,152,100,300
370,153,100,300
370,153,100,300
370,153,100,300
370,153,100,301
370,153,100,301
370,153,100,301
370,153,100,301
371,153,100,301
371,153,100,301
371,153,100,301
371,153,100,301
371,154,100,301
371,154,100,301
372,154,100,302
372,154,100,302
372,154,100,302
372,154,100,302
372,154,100,302
372,154,100,302
372,154,100,302
373,154,100,302
373,154,100,302
373,155,100,302
373,155,100,303
373,155,100,303
373,155,100,303
373,155,100,303
374,155,100,303
374,155,100,303
374,155,100,303
374,155,100,303
374,155,100,303
374,156,100,303
374,156,100,304
375,156,100,304
375,156,100,304
375,156,100,304
375,156,100,304
375,156,100,304
375,156,100,304
375,156,100,304
376,156,100,304
376,156,100,304
376,157,100,305
376,157,100,305
376,157,100,305
376,157,100,305
376,157,100,305
377,157,100,305
377,157,100,305
377,157,100,305
377,157,100,305
377,158,100,305
377,158,100,306
377,158,100,306
378,158,100,306
378,158,100,306
378,158,100,306
378,158,100,306
378,158,100,306
378,158,100,306
378,158,100,306
379,159,100,306
379,159,100,307
379,159,100,307
379,159,100,307
379,159,100,307
379,159,100,307
379,159,100,307
380,159,100,307
380,159,100,307
380,159,100,307
380,160,100,307
380,160,100,308
380,160,100,308
380,160,100,308
380,160,100,308
381,160,100,308
381,160,100,308
381,160,100,308
381,160,100,308
381,161,100,308
381,161,100,308
381,161,100,309
382,161,100,309
382,161,100,309
382,161,100,309
382,161,100,309
382,161,100,309
382,161,100,309
382,162,100,309
383,162,100,309
383,162,100,309
383,162,100,310
383,162,100,310
383,162,100,310
383,162,100,310
383,162,100,310
383,162,100,310
384,163,100,310
384,163,100,310
384,163,100,310
384,163,100,310
384,163,100,311
384,163,100,311
384,163,100,311
385,163,100,311
385,164,100,311
385,164,100,311
385,164,100,311
385,164,100,311
385,164,100,311
385,164,100,311
385,164,100,312
386,164,100,312
386,164,100,312
386,165,100,312
386,165,100,312
386,165,100,312
386,165,100,312
386,165,100,312
386,165,100,312
387,165,100,312
387,165,100,313
387,165,100,313
387,166,100,313
387,166,100,313
387,166,100,313
387,166,100,313
387,166,100,313
388,166,100,313
388,166,100,313
388,166,100,313
388,167,100,314
388,167,100,314
388,167,100,314
388,167,100,314
388,167,100,314
389,167,100,314
389,167,100,314
389,167,100,314
389,168,100,314
389,168,100,314
389,168,100,315
389,168,100,315
389,168,100,315
390,168,100,315
390,168,100,315
390,168,100,315
390,169,100,315
390,169,100,315
390,169,100,315
390,169,100,315
390,169,100,316
391,169,100,316
391,169,100,316
391,169,100,316
391,170,100,316
391,170,100,316
391,170,100,316
391,170,100,316
391,170,100,316
392,170,100,316
392,170,100,317
392,170,100,317
392,171,100,317
392,171,100,317
392,171,100,317
392,171,100,317
392,171,100,317
392,171,100,317
393,171,100,317
393,171,100,317
393,172,100,318
393,172,100,318
393,172,100,318
393,172,100,318
393,172,100,318
393,172,100,318
394,172,100,318
394,173,100,318
394,173,100,318
394,173,100,318
394,173,100,319
394,173,100,319
394,173,100,319
394,173,100,319
394,173,100,319
395,174,100,319
395,174,100,319
395,174,100,319
395,174,100,319
395,174,100,319
395,174,100,320
395,174,100,320
395,175,100,320
395,175,100,320
396,175,100,320
396,175,100,320
396,175,100,320
396,175,100,320
396,175,100,320
396,175,100,320
396,176,100,321
396,176,100,321
396,176,100,321
397,176,100,321
397,176,100,321
397,176,100,321
397,176,100,321
397,177,100,321
397,177,100,321
397,177,100,321
397,177,100,322
397,177,100,322
398,177,100,322
398,177,100,322
398,177,100,322
398,178,100,322
398,178,100,322
398,178,100,322
398,178,100,322
398,178,100,322
398,178,100,323
398,178,100,323
399,179,100,323
399,179,100,323
399,179,100,323
399,179,100,323
399,179,100,323
399,179,100,323
399,179,100,323
399,180,100,323
399,180,100,324
400,180,100,324
400,180,100,324
400,180,100,324
400,180,100,324
400,180,100,324
400,181,100,324
400,181,100,324
400,181,100,324
400,181,100,324
400,181,100,325
401,181,100,325
401,181,100,325
401,182,100,325
401,182,100,325
401,182,100,325
401,182,100,325
401,182,100,325
401,182,100,325
401,182,100,325
401,183,100,326
402,183,100,326
402,183,100,326
402,183,100,326
402,183,100,326
402,183,100,326
402,183,100,326
402,184,100,326
402,184,100,326
402,184,100,326
402,184,100,327
402,184,100,327
403,184,100,327
403,184,100,327
403,185,100,327
403,185,100,327
403,185,100,327
403,185,100,327
403,185,100,327
403,185,100,327
403,186,100,328
403,186,100,328
403,186,100,328
404,186,100,328
404,186,100,328
404,186,100,328
404,186,100,328
404,187,100,328
404,187,100,328
404,187,100,328
404,187,100,329
404,187,100,329
404,187,100,329
404,187,100,329
405,188,100,329
405,188,100,329
405,188,100,329
405,188,100,329
405,188,100,329
405,188,100,329
405,189,100,330
405,189,100,330
405,189,100,330
405,189,100,330
405,189,100,330
406,189,100,330
406,189,100,330
406,190,100,330
406,190,100,330
406,190,100,330
406,190,100,331
406,190,100,331
406,190,100,331
406,190,100,331
406,191,100,331
406,191,100,331
406,191,100,331
407,191,100,331
407,191,100,331
407,191,100,331
407,192,100,332
407,192,100,332
407,192,100,332
407,192,100,332
407,192,100,332
407,192,100,332
407,192,100,332
407,193,100,332
407,193,100,332
408,193,100,332
408,193,100,333
408,193,100,333
408,193,100,333
408,194,100,333
408,194,100,333
408,194,100,333
408,194,100,333
408,194,100,333
408,194,100,333
408,195,100,333
408,195,100,334
408,195,100,334
409,195,100,334
409,195,100,334
409,195,100,334
409,195,100,334
409,196,100,334
409,196,100,334
409,196,100,334
409,196,100,334
409,196,100,335
409,196,100,335
409,197,100,335
409,197,100,335
409,197,100,335
410,197,100,335
410,197,100,335
410,197,100,335
410,198,100,335
410,198,100,335
410,198,100,336
410,198,100,336
410,198,100,336
410,198,100,336
410,198,100,336
410,199,100,336
410,199,100,336
410,199,100,336
410,199,100,336
410,199,100,336
411,199,100,337
411,200,100,337
411,200,100,337
411,200,100,337
411,200,100,337
411,200,100,337
411,200,100,337
411,201,100,337
411,201,100,337
411,201,100,337
411,201,100,338
411,201,100,338
411,201,100,338
411,202,100,338
411,202,100,338
412,202,100,338
412,202,100,338
412,202,100,338
412,202,100,338
412,203,100,338
412,203,100,339
412,203,100,339
412,203,100,339
412,203,100,339
412,203,100,339
412,203,100,339
412,204,100,339
412,204,100,339
412,204,100,339
412,204,100,339
412,204,100,340
413,204,100,340
413,205,100,340
413,205,100,340
413,205,100,340
413,205,100,340
413,205,100,340
413,205,100,340
413,206,100,340
413,206,100,340
413,206,100,341
413,206,100,341
413,206,100,341
413,206,100,341
413,207,100,341
413,207,100,341
413,207,100,341
413,207,100,341
414,207,100,341
414,207,100,341
414,208,100,342
414,208,100,342
414,208,100,342
414,208,100,342
414,208,100,342
414,208,100,342
414,209,100,342
414,209,100,342
414,209,100,342
414,209,100,342
414,209,100,343
414,209,100,343
414,210,100,343
414,210,100,343
414,210,100,343
414,210,100,343
414,210,100,343
414,210,100,343
415,211,100,343
415,211,100,343
415,211,100,344
415,211,100,344
415,211,100,344
415,211,100,344
415,212,100,344
415,212,100,344
415,212,100,344
415,212,100,344
415,212,100,344
415,212,100,344
415,213,100,345
415,213,100,345
415,213,100,345
415,213,100,345
415,213,100,345
415,213,100,345
415,214,100,345
415,214,100,345
415,214,100,345
415,214,100,345
416,214,100,346
416,214,100,346
416,215,100,346
416,215,100,346
416,215,100,346
416,215,100,346
416,215,100,346
416,216,100,346
416,216,100,346
416,216,100,346
416,216,100,347
416,216,100,347
416,216,100,347
416,217,100,347
416,217,100,347
416,217,100,347
416,217,100,347
416,217,100,347
416,217,100,347
416,218,100,347
416,218,100,348
416,218,100,348
416,218,100,348
416,218,100,348
416,218,100,348
416,219,100,348
417,219,100,348
417,219,100,348
417,219,100,348
417,219,100,348
417,219,100,349
417,220,100,349
417,220,100,349
417,220,100,349
417,220,100,349
417,220,100,349
417,220,100,349
417,221,100,349
417,221,100,349
417,221,100,349
417,221,100,350
417,221,100,350
417,222,100,350
417,222,100,350
417,222,100,350
417,222,100,350
417,222,100,350
417,222,100,350
417,223,100,350
417,223,100,350
417,223,100,351
417,223,100,351
417,223,100,351
417,223,100,351
417,224,100,351
417,224,100,351
417,224,100,351
417,224,100,351
417,224,100,351
418,224,100,351
418,225,100,352
418,225,100,352
418,225,100,352
418,225,100,352
418,225,100,352
418,225,100,352
418,226,100,352
418,226,100,352
418,226,100,352
418,226,100,352
418,226,100,353
418,227,100,353
418,227,100,353
418,227,100,353
418,227,100,353
418,227,100,353
418,227,100,353
418,228,100,353
418,228,100,353
418,228,100,353
418,228,100,354
418,228,100,354
418,228,100,354
418,229,100,354
418,229,100,354
418,229,100,354
418,229,100,354
418,229,100,354
418,229,100,354
418,230,100,354
418,230,100,355
418,230,100,355
418,230,100,355
418,230,100,355
418,231,100,355
418,231,100,355
418,231,100,355
418,231,100,355
418,231,100,355
418,231,100,355
418,232,100,356
418,232,100,356
418,232,100,356
418,232,100,356
418,232,100,356
418,232,100,356
418,233,100,356
418,233,100,356
418,233,100,356
418,233,100,356
418,233,100,357
418,233,100,357
418,234,100,357
418,234,100,357
418,234,100,357
418,234,100,357
418,234,100,357
418,235,100,357
418,235,100,357
418,235,100,357
418,235,100,358
418,235,100,358
418,235,100,358
418,236,100,358
418,236,100,358
418,236,100,358
418,236,100,358
418,236,100,358
418,236,100,358
418,237,100,358
418,237,100,359
418,237,100,359
418,237,100,359
418,237,100,359
418,237,100,359
418,238,100,359
418,238,100,359
418,238,100,359
418,238,100,359
418,238,100,359